country_code_eurostat,country_code_iso,country_name,is_eu_member,is_aggregate,year,reuse_recycling_rate,reuse_recovery_rate,target_met_recycling,target_met_recovery,target_met,elv_count,elv_weight_tonnes,any_estimated,any_imputed,any_low_reliability,anomaly_type,anomaly_note
AT,AT,Austria,True,False,2006,80.0,86.0,False,False,False,87277,69329.0,False,False,False,,
AT,AT,Austria,True,False,2007,80.0,86.0,False,False,False,62042,50805.0,False,False,False,,
AT,AT,Austria,True,False,2008,83.7,96.1,False,True,False,63975,52202.0,False,False,False,,
AT,AT,Austria,True,False,2009,82.9,96.1,False,True,False,87364,74211.0,False,False,False,,
AT,AT,Austria,True,False,2010,84.2,96.5,False,True,False,82144,67997.0,False,False,False,,
AT,AT,Austria,True,False,2011,82.8,97.6,False,True,False,80004,67384.0,False,False,False,,
AT,AT,Austria,True,False,2012,83.4,94.2,False,False,False,64809,56180.0,False,False,False,,
AT,AT,Austria,True,False,2013,85.0,96.7,True,True,True,73993,65475.0,False,False,False,,
AT,AT,Austria,True,False,2014,85.8,96.1,True,True,True,59904,53310.0,False,False,False,,
AT,AT,Austria,True,False,2015,86.9,96.9,True,True,True,47926,43934.0,False,False,False,,
AT,AT,Austria,True,False,2016,87.2,96.9,True,True,True,48077,45338.0,False,False,False,,
AT,AT,Austria,True,False,2017,86.6,97.9,True,True,True,58462,57065.0,False,False,False,,
AT,AT,Austria,True,False,2018,86.2,97.8,True,True,True,60272,61149.0,False,False,False,,
AT,AT,Austria,True,False,2019,87.3,97.8,True,True,True,54424,53576.0,False,False,False,,
AT,AT,Austria,True,False,2020,86.1,97.4,True,True,True,50944,50940.0,False,False,False,,
AT,AT,Austria,True,False,2021,85.8,97.3,True,True,True,57722,59293.0,False,False,False,,
AT,AT,Austria,True,False,2022,85.9,97.4,True,True,True,38275,39623.0,False,False,False,,
AT,AT,Austria,True,False,2023,87.4,97.1,True,True,True,27949,28703.0,False,False,False,,
BE,BE,Belgium,True,False,2006,87.7,90.0,True,False,False,131043,131030.0,False,False,False,,
BE,BE,Belgium,True,False,2007,87.9,90.1,True,False,False,127949,128615.0,False,False,False,,
BE,BE,Belgium,True,False,2008,88.0,90.2,True,False,False,141521,144121.0,False,False,False,,
BE,BE,Belgium,True,False,2009,88.4,90.6,True,False,False,140993,144726.0,False,False,False,,
BE,BE,Belgium,True,False,2010,89.0,91.2,True,False,False,170562,176446.0,False,False,False,,
BE,BE,Belgium,True,False,2011,88.2,90.6,True,False,False,165016,171747.0,False,False,False,,
BE,BE,Belgium,True,False,2012,88.7,93.0,True,False,False,160615,171466.0,False,False,False,,
BE,BE,Belgium,True,False,2013,88.2,93.0,True,False,False,134506,145652.0,False,False,False,,
BE,BE,Belgium,True,False,2014,89.2,94.2,True,False,False,126835,138703.0,False,False,False,,
BE,BE,Belgium,True,False,2015,91.3,96.7,True,True,True,107425,119054.0,False,False,False,,
BE,BE,Belgium,True,False,2016,92.1,96.4,True,True,True,106458,119188.0,False,False,False,,
BE,BE,Belgium,True,False,2017,93.2,97.3,True,True,True,120896,148459.0,False,False,False,,
BE,BE,Belgium,True,False,2018,93.5,97.3,True,True,True,142852,177439.0,False,False,False,,
BE,BE,Belgium,True,False,2019,92.9,97.1,True,True,True,134629,168810.0,False,False,False,,
BE,BE,Belgium,True,False,2020,93.0,97.3,True,True,True,110161,138468.0,False,False,False,,
BE,BE,Belgium,True,False,2021,93.5,97.3,True,True,True,103659,129979.0,False,False,False,,
BE,BE,Belgium,True,False,2022,93.5,97.7,True,True,True,81350,102334.0,False,False,False,,
BE,BE,Belgium,True,False,2023,93.5,97.7,True,True,True,63592,80190.0,False,False,False,,
BG,BG,Bulgaria,True,False,2006,82.4,87.2,False,False,False,45127,45127.0,False,False,False,,
BG,BG,Bulgaria,True,False,2007,89.5,92.7,True,False,False,23433,23433.0,False,False,False,,
BG,BG,Bulgaria,True,False,2008,81.0,86.7,False,False,False,38600,38600.0,False,False,False,,
BG,BG,Bulgaria,True,False,2009,82.7,89.2,False,False,False,55330,63027.0,False,False,False,,
BG,BG,Bulgaria,True,False,2010,88.9,89.2,True,False,False,69287,74422.0,False,False,False,,
BG,BG,Bulgaria,True,False,2011,90.0,92.0,True,False,False,62937,65428.0,False,False,False,,
BG,BG,Bulgaria,True,False,2012,89.5,91.3,True,False,False,57532,59191.0,False,False,False,,
BG,BG,Bulgaria,True,False,2013,93.2,94.1,True,False,False,61673,62723.0,False,False,False,,
BG,BG,Bulgaria,True,False,2014,94.1,95.0,True,True,True,80862,82258.0,False,False,False,,
BG,BG,Bulgaria,True,False,2015,94.4,95.1,True,True,True,85946,88066.0,False,False,False,,
BG,BG,Bulgaria,True,False,2016,94.6,95.6,True,True,True,92706,92111.0,False,False,False,,
BG,BG,Bulgaria,True,False,2017,97.6,98.8,True,True,True,102442,104457.0,False,False,False,,
BG,BG,Bulgaria,True,False,2018,94.8,95.8,True,True,True,99835,103032.0,False,False,False,,
BG,BG,Bulgaria,True,False,2019,95.8,96.5,True,True,True,85670,88372.0,False,False,False,,
BG,BG,Bulgaria,True,False,2020,96.1,96.6,True,True,True,68635,73521.0,False,False,False,,
BG,BG,Bulgaria,True,False,2021,95.6,96.0,True,True,True,87362,90127.0,False,False,False,,
BG,BG,Bulgaria,True,False,2022,94.8,95.1,True,True,True,95084,102324.0,False,False,False,,
BG,BG,Bulgaria,True,False,2023,94.6,95.1,True,True,True,105268,106718.0,False,False,False,,
CY,CY,Cyprus,True,False,2006,85.4,86.6,True,False,False,1032,918.0,False,False,False,,
CY,CY,Cyprus,True,False,2007,83.7,83.4,False,False,False,2136,1901.0,False,False,False,,
CY,CY,Cyprus,True,False,2008,78.3,79.8,False,False,False,14273,12703.0,False,False,False,,
CY,CY,Cyprus,True,False,2009,87.1,92.9,True,False,False,17303,15400.0,False,False,False,,
CY,CY,Cyprus,True,False,2010,81.1,86.9,False,False,False,13219,11764.0,False,False,False,,
CY,CY,Cyprus,True,False,2011,84.0,86.6,False,False,False,17145,15259.0,False,False,False,,
CY,CY,Cyprus,True,False,2012,84.7,86.9,False,False,False,17547,15617.0,False,False,False,,
CY,CY,Cyprus,True,False,2013,84.3,86.6,False,False,False,13212,11759.0,False,False,False,,
CY,CY,Cyprus,True,False,2014,87.7,90.2,True,False,False,11160,10468.0,False,False,False,,
CY,CY,Cyprus,True,False,2015,89.1,90.7,True,False,False,8293,8152.0,False,False,False,,
CY,CY,Cyprus,True,False,2016,90.3,93.2,True,False,False,5151,5094.0,False,False,False,,
CY,CY,Cyprus,True,False,2017,89.2,91.9,True,False,False,5453,5159.0,False,False,False,,
CY,CY,Cyprus,True,False,2018,89.8,96.8,True,True,True,7523,7267.0,False,False,False,,
CY,CY,Cyprus,True,False,2019,88.7,95.8,True,True,True,10170,9926.0,False,False,False,,
CY,CY,Cyprus,True,False,2020,91.0,97.2,True,True,True,9367,9030.0,False,False,False,,
CY,CY,Cyprus,True,False,2021,90.3,98.5,True,True,True,9851,9595.0,False,False,False,,
CY,CY,Cyprus,True,False,2022,90.6,99.1,True,True,True,7830,7720.0,False,False,False,,
CY,CY,Cyprus,True,False,2023,89.8,99.2,True,True,True,7820,7914.0,False,False,False,,
CZ,CZ,Czechia,True,False,2006,79.0,85.1,False,False,False,56582,48094.0,False,False,False,,
CZ,CZ,Czechia,True,False,2007,79.0,85.1,False,False,False,72941,62000.0,False,False,False,,
CZ,CZ,Czechia,True,False,2008,80.0,86.0,False,False,False,147259,132533.0,False,False,False,,
CZ,CZ,Czechia,True,False,2009,80.3,86.3,False,False,False,155425,147217.0,False,False,False,,
CZ,CZ,Czechia,True,False,2010,80.3,86.3,False,False,False,145447,135479.0,False,False,False,,
CZ,CZ,Czechia,True,False,2011,80.3,86.3,False,False,False,132452,118147.0,False,False,False,,
CZ,CZ,Czechia,True,False,2012,80.3,86.3,False,False,False,125587,114800.0,False,False,False,,
CZ,CZ,Czechia,True,False,2013,80.3,86.3,False,False,False,121838,114833.0,False,False,False,,
CZ,CZ,Czechia,True,False,2014,80.3,86.3,False,False,False,131987,122450.0,False,False,False,,
CZ,CZ,Czechia,True,False,2015,90.2,95.7,True,True,True,139440,131392.0,False,False,False,,
CZ,CZ,Czechia,True,False,2016,90.3,95.4,True,True,True,145928,139881.0,False,False,False,,
CZ,CZ,Czechia,True,False,2017,91.9,95.6,True,True,True,154306,160587.0,False,False,False,,
CZ,CZ,Czechia,True,False,2018,95.5,99.3,True,True,True,169715,171412.0,False,False,False,,
CZ,CZ,Czechia,True,False,2019,93.3,97.3,True,True,True,178683,185830.0,False,False,False,,
CZ,CZ,Czechia,True,False,2020,97.3,101.9,True,True,True,167814,177885.0,False,False,False,flagged_undiagnosed,Rate exceeds 100% or shows a large year-over-year swing; not independently investigated.
CZ,CZ,Czechia,True,False,2021,102.2,106.1,True,True,True,174638,188609.0,False,False,False,flagged_undiagnosed,Rate exceeds 100% or shows a large year-over-year swing; not independently investigated.
CZ,CZ,Czechia,True,False,2022,117.2,121.8,True,True,True,160427,176470.0,False,False,False,flagged_undiagnosed,Rate exceeds 100% or shows a large year-over-year swing; not independently investigated.
CZ,CZ,Czechia,True,False,2023,88.8,94.2,True,False,False,156593,175384.0,False,False,False,flagged_undiagnosed,Rate exceeds 100% or shows a large year-over-year swing; not independently investigated.
DE,DE,Germany,True,False,2006,86.8,89.5,True,False,False,499756,449280.0,False,False,False,,
DE,DE,Germany,True,False,2007,88.1,90.4,True,False,False,456436,420424.0,False,False,False,,
DE,DE,Germany,True,False,2008,89.2,92.9,True,False,False,417534,387693.0,False,False,False,,
DE,DE,Germany,True,False,2009,82.9,86.7,False,False,False,1778593,1596831.0,False,False,False,,
DE,DE,Germany,True,False,2010,95.5,106.2,True,True,True,500193,516128.0,False,False,False,flagged_undiagnosed,Rate exceeds 100% or shows a large year-over-year swing; not independently investigated.
DE,DE,Germany,True,False,2011,93.4,108.2,True,True,True,466160,468459.0,False,False,False,flagged_undiagnosed,Rate exceeds 100% or shows a large year-over-year swing; not independently investigated.
DE,DE,Germany,True,False,2012,92.3,106.3,True,True,True,476601,475719.0,False,False,False,flagged_undiagnosed,Rate exceeds 100% or shows a large year-over-year swing; not independently investigated.
DE,DE,Germany,True,False,2013,89.8,103.8,True,True,True,500322,490771.0,False,False,False,flagged_undiagnosed,Rate exceeds 100% or shows a large year-over-year swing; not independently investigated.
DE,DE,Germany,True,False,2014,89.5,101.4,True,True,True,512163,502656.0,False,False,False,flagged_undiagnosed,Rate exceeds 100% or shows a large year-over-year swing; not independently investigated.
DE,DE,Germany,True,False,2015,87.7,95.8,True,True,True,473386,474379.0,False,False,False,,
DE,DE,Germany,True,False,2016,89.3,98.0,True,True,True,412801,420113.0,False,False,False,,
DE,DE,Germany,True,False,2017,89.5,98.4,True,True,True,506531,530311.0,False,False,False,,
DE,DE,Germany,True,False,2018,87.1,95.7,True,True,True,560455,595761.0,False,False,False,,
DE,DE,Germany,True,False,2019,86.9,93.6,True,False,False,461266,501658.0,False,False,False,,
DE,DE,Germany,True,False,2020,86.8,94.0,True,False,False,406044,456586.0,False,False,False,,
DE,DE,Germany,True,False,2021,90.0,97.5,True,True,True,396773,444950.0,False,False,False,,
DE,DE,Germany,True,False,2022,86.4,93.7,True,False,False,292877,327682.0,False,False,False,,
DE,DE,Germany,True,False,2023,86.1,93.2,True,False,False,250749,283549.0,False,False,False,,
DK,DK,Denmark,True,False,2006,80.0,80.0,False,False,False,102202,99354.0,False,False,False,,
DK,DK,Denmark,True,False,2007,81.0,81.2,False,False,False,99391,98249.0,False,False,False,,
DK,DK,Denmark,True,False,2008,82.7,82.9,False,False,False,101042,101173.0,False,False,False,,
DK,DK,Denmark,True,False,2009,82.0,82.3,False,False,False,96830,99515.0,False,False,False,,
DK,DK,Denmark,True,False,2010,90.5,90.7,True,False,False,100480,104866.0,False,False,False,,
DK,DK,Denmark,True,False,2011,92.8,92.9,True,False,False,93487,100816.0,False,False,False,,
DK,DK,Denmark,True,False,2012,92.4,92.6,True,False,False,106504,114392.0,False,False,False,,
DK,DK,Denmark,True,False,2013,86.6,86.7,True,False,False,125650,128869.0,True,False,False,,
DK,DK,Denmark,True,False,2014,86.0,86.1,True,False,False,104413,118597.0,False,False,False,,
DK,DK,Denmark,True,False,2015,91.2,97.6,True,True,True,98929,109762.0,False,False,False,,
DK,DK,Denmark,True,False,2016,88.8,97.1,True,True,True,89039,100957.0,False,False,False,,
DK,DK,Denmark,True,False,2017,91.5,99.6,True,True,True,117124,134331.0,False,False,False,,
DK,DK,Denmark,True,False,2018,89.9,98.2,True,True,True,117519,136717.0,False,False,False,,
DK,DK,Denmark,True,False,2019,94.6,102.6,True,True,True,119551,143357.0,False,False,False,documented,"Reuse+recovery rate reached 102.6% (recycling rate stayed normal at 94.6%). Cause: the same backlog-clearing mechanism as Poland 2019-2020, at much smaller scale."
DK,DK,Denmark,True,False,2020,94.8,102.3,True,True,True,95084,113150.0,False,False,False,documented,"Reuse+recovery rate reached 102.3% (recycling rate stayed normal at 94.8%), a continuation of 2019's backlog-clearing pattern."
DK,DK,Denmark,True,False,2021,82.5,93.9,False,False,False,104515,129055.0,False,False,False,,
DK,DK,Denmark,True,False,2022,85.5,94.6,True,False,False,83305,101839.0,False,False,False,,
DK,DK,Denmark,True,False,2023,83.2,93.9,False,False,False,74369,92248.0,False,False,False,,
EE,EE,Estonia,True,False,2006,82.5,82.5,False,False,False,11035,10637.0,False,False,False,,
EE,EE,Estonia,True,False,2007,82.2,82.2,False,False,False,12664,12334.0,False,False,False,,
EE,EE,Estonia,True,False,2008,92.4,92.7,True,False,False,13843,13716.0,False,True,False,,
EE,EE,Estonia,True,False,2009,87.2,87.4,True,False,False,7528,7712.0,False,False,False,,
EE,EE,Estonia,True,False,2010,77.3,78.4,False,False,False,7268,7679.0,False,False,False,,
EE,EE,Estonia,True,False,2011,76.1,79.0,False,False,False,11413,12123.0,False,False,False,,
EE,EE,Estonia,True,False,2012,80.9,85.1,False,False,False,12835,14056.0,False,False,False,,
EE,EE,Estonia,True,False,2013,77.7,86.4,False,False,False,14712,16391.0,False,False,False,,
EE,EE,Estonia,True,False,2014,87.0,88.4,True,False,False,14720,16617.0,False,False,False,,
EE,EE,Estonia,True,False,2015,86.0,87.0,True,False,False,12884,14857.0,False,False,False,,
EE,EE,Estonia,True,False,2016,85.8,89.8,True,False,False,11184,14113.0,False,False,False,,
EE,EE,Estonia,True,False,2017,85.9,89.9,True,False,False,16236,19539.0,False,False,False,,
EE,EE,Estonia,True,False,2018,87.1,91.2,True,False,False,18147,22015.0,False,False,False,,
EE,EE,Estonia,True,False,2019,87.6,91.9,True,False,False,15293,18876.0,False,False,False,,
EE,EE,Estonia,True,False,2020,87.2,91.3,True,False,False,15501,19427.0,False,False,False,,
EE,EE,Estonia,True,False,2021,85.5,92.2,True,False,False,20403,25865.0,False,False,False,,
EE,EE,Estonia,True,False,2022,85.3,91.5,True,False,False,14481,18828.0,False,False,False,,
EE,EE,Estonia,True,False,2023,86.0,93.4,True,False,False,16499,21594.0,False,False,False,,
EL,GR,Greece,True,False,2006,82.3,82.3,False,False,False,29689,23952.0,False,False,False,,
EL,GR,Greece,True,False,2007,84.1,84.1,False,False,False,47414,41733.0,False,False,False,,
EL,GR,Greece,True,False,2008,85.7,85.7,True,False,False,55201,51828.0,False,False,False,,
EL,GR,Greece,True,False,2009,86.5,87.4,True,False,False,115670,115849.0,False,False,False,,
EL,GR,Greece,True,False,2010,84.5,86.5,False,False,False,95162,92158.0,False,False,False,,
EL,GR,Greece,True,False,2011,85.2,87.7,True,False,False,112454,104590.0,False,False,False,,
EL,GR,Greece,True,False,2012,82.8,90.3,False,False,False,84456,78433.0,False,False,False,,
EL,GR,Greece,True,False,2013,88.8,91.5,True,False,False,86205,81619.0,False,False,False,,
EL,GR,Greece,True,False,2014,80.4,85.5,False,False,False,82863,79668.0,True,False,False,,
EL,GR,Greece,True,False,2015,64.5,68.9,False,False,False,87050,84046.0,False,False,False,documented,"Reuse+recycling (64.5%) and reuse+recovery (68.9%) rates dropped sharply. Cause, per Eurostat's End-of-life vehicle statistics Statistics Explained article: low scrap-metal prices caused temporary stockpiling of material at dismantling facility sites rather than processing it -- the same stockpiling-for-favorable-pricing mechanism as Malta's 2023 anomaly, here triggered by metal prices rather than export timing."
EL,GR,Greece,True,False,2016,100.0,108.0,True,True,True,46573,45570.0,True,False,False,flagged_undiagnosed,Rate exceeds 100% or shows a large year-over-year swing; not independently investigated.
EL,GR,Greece,True,False,2017,91.9,99.5,True,True,True,39761,38654.0,False,False,False,,
EL,GR,Greece,True,False,2018,98.7,108.3,True,True,True,47141,45971.0,False,False,False,flagged_undiagnosed,Rate exceeds 100% or shows a large year-over-year swing; not independently investigated.
EL,GR,Greece,True,False,2019,69.7,77.2,False,False,False,49533,48650.0,False,False,False,documented,Reuse+recycling (69.7%) and reuse+recovery (77.2%) rates dropped sharply again. Same documented cause as 2015: low scrap-metal prices triggering temporary stockpiling at dismantling sites.
EL,GR,Greece,True,False,2020,92.8,98.8,True,True,True,44759,43658.0,False,False,False,flagged_undiagnosed,Rate exceeds 100% or shows a large year-over-year swing; not independently investigated.
EL,GR,Greece,True,False,2021,91.7,96.9,True,True,True,53516,52169.0,False,False,False,,
EL,GR,Greece,True,False,2022,83.5,88.5,False,False,False,53740,53513.0,False,False,False,,
EL,GR,Greece,True,False,2023,89.0,95.4,True,True,True,55097,54433.0,False,False,False,,
ES,ES,Spain,True,False,2006,76.0,84.0,False,False,False,954715,885689.0,False,False,False,,
ES,ES,Spain,True,False,2007,81.9,85.1,False,False,False,881164,839194.0,False,False,False,,
ES,ES,Spain,True,False,2008,82.5,85.7,False,False,False,748071,712440.0,False,False,False,,
ES,ES,Spain,True,False,2009,82.6,86.0,False,False,False,952367,913787.0,False,False,False,,
ES,ES,Spain,True,False,2010,82.8,85.7,False,False,False,839637,805623.0,False,False,False,,
ES,ES,Spain,True,False,2011,82.9,87.4,False,False,False,671927,644707.0,False,False,False,,
ES,ES,Spain,True,False,2012,83.0,88.2,False,False,False,687824,659960.0,False,False,False,,
ES,ES,Spain,True,False,2013,83.6,91.5,False,False,False,734776,772110.0,False,False,False,,
ES,ES,Spain,True,False,2014,84.3,93.5,False,False,False,724820,761648.0,False,False,False,,
ES,ES,Spain,True,False,2015,85.0,95.0,True,True,True,689760,724807.0,False,False,False,,
ES,ES,Spain,True,False,2016,85.4,93.4,True,False,False,611446,642514.0,False,False,False,,
ES,ES,Spain,True,False,2017,85.8,94.0,True,False,False,620055,651560.0,False,False,False,,
ES,ES,Spain,True,False,2018,85.9,92.6,True,False,False,748306,858686.0,False,False,False,,
ES,ES,Spain,True,False,2019,86.0,92.4,True,False,False,813768,949916.0,False,False,False,,
ES,ES,Spain,True,False,2020,86.2,93.1,True,False,False,713404,840466.0,False,False,False,,
ES,ES,Spain,True,False,2021,86.3,93.2,True,False,False,727270,864831.0,False,False,False,,
ES,ES,Spain,True,False,2022,86.4,93.1,True,False,False,637210,765981.0,False,False,False,,
ES,ES,Spain,True,False,2023,85.9,93.7,True,False,False,601607,729521.0,False,False,False,,
EU27_2020,,European Union - 27 countries (from 2020),,True,2006,78.0,81.1,False,False,False,5150000,4836000.0,False,True,False,,
EU27_2020,,European Union - 27 countries (from 2020),,True,2007,82.2,84.4,False,False,False,5382000,4951000.0,False,True,False,,
EU27_2020,,European Union - 27 countries (from 2020),,True,2008,82.9,85.8,False,False,False,5079000,4789000.0,False,True,False,,
EU27_2020,,European Union - 27 countries (from 2020),,True,2009,82.0,85.3,False,False,False,7700000,7108000.0,False,True,False,,
EU27_2020,,European Union - 27 countries (from 2020),,True,2010,83.5,87.6,False,False,False,6213000,6096000.0,False,True,False,,
EU27_2020,,European Union - 27 countries (from 2020),,True,2011,84.4,89.2,False,False,False,5555000,5540000.0,False,True,False,,
EU27_2020,,European Union - 27 countries (from 2020),,True,2012,84.6,89.9,False,False,False,5123000,5109000.0,False,False,False,,
EU27_2020,,European Union - 27 countries (from 2020),,True,2013,85.3,90.6,True,False,False,5085000,5332000.0,False,True,False,,
EU27_2020,,European Union - 27 countries (from 2020),,True,2014,85.4,91.4,True,False,False,5043000,5279000.0,False,False,False,,
EU27_2020,,European Union - 27 countries (from 2020),,True,2015,87.0,92.8,True,False,False,4968000,5217000.0,False,False,False,,
EU27_2020,,European Union - 27 countries (from 2020),,True,2016,87.1,92.7,True,False,False,4823000,5130000.0,False,False,False,,
EU27_2020,,European Union - 27 countries (from 2020),,True,2017,87.9,93.7,True,False,False,5300000,5708000.0,False,False,False,,
EU27_2020,,European Union - 27 countries (from 2020),,True,2018,87.3,92.9,True,False,False,6105000,6758000.0,False,False,False,,
EU27_2020,,European Union - 27 countries (from 2020),,True,2019,89.5,95.0,True,True,True,6074000,6909000.0,False,False,False,,
EU27_2020,,European Union - 27 countries (from 2020),,True,2020,89.1,94.6,True,False,False,5370000,6156000.0,False,False,False,,
EU27_2020,,European Union - 27 countries (from 2020),,True,2021,88.1,93.5,True,False,False,5683000,6535000.0,False,True,False,,
EU27_2020,,European Union - 27 countries (from 2020),,True,2022,89.1,94.4,True,False,False,4667000,5463000.0,False,True,False,,
EU27_2020,,European Union - 27 countries (from 2020),,True,2023,88.3,93.7,True,False,False,4264000,5044000.0,False,True,False,,
FI,FI,Finland,True,False,2005,80.0,80.0,False,False,False,11278,10817.0,False,False,False,,
FI,FI,Finland,True,False,2006,82.0,83.0,False,False,False,14945,14183.0,False,False,False,,
FI,FI,Finland,True,False,2007,81.0,81.0,False,False,False,15792,14734.0,False,False,False,,
FI,FI,Finland,True,False,2008,81.0,81.0,False,False,False,103000,96130.0,False,False,False,,
FI,FI,Finland,True,False,2009,81.0,81.0,False,False,False,96270,89849.0,False,False,False,,
FI,FI,Finland,True,False,2010,82.5,95.0,False,True,False,119000,118976.0,False,False,False,,
FI,FI,Finland,True,False,2011,82.5,95.0,False,True,False,136000,135973.0,False,False,False,,
FI,FI,Finland,True,False,2012,82.5,95.0,False,True,False,119000,118976.0,False,False,False,,
FI,FI,Finland,True,False,2013,82.5,95.0,False,True,False,99300,99280.0,False,False,False,,
FI,FI,Finland,True,False,2014,82.8,97.3,False,True,False,94540,101822.0,False,False,False,,
FI,FI,Finland,True,False,2015,82.8,97.3,False,True,False,99630,107302.0,False,False,False,,
FI,FI,Finland,True,False,2016,82.8,97.3,False,True,False,114460,123273.0,False,False,False,,
FI,FI,Finland,True,False,2017,82.8,97.3,False,True,False,128280,138158.0,False,False,False,,
FI,FI,Finland,True,False,2018,82.8,97.3,False,True,False,120040,129283.0,False,False,False,,
FI,FI,Finland,True,False,2019,84.7,95.2,False,True,False,100922,113134.0,False,False,False,,
FI,FI,Finland,True,False,2020,84.7,95.2,False,True,False,109099,122300.0,False,False,False,,
FI,FI,Finland,True,False,2021,84.7,95.2,False,True,False,114404,128247.0,False,False,False,,
FI,FI,Finland,True,False,2022,84.7,95.2,False,True,False,105875,118686.0,False,False,False,,
FI,FI,Finland,True,False,2023,84.9,95.4,False,True,False,91044,102060.0,False,False,False,,
FR,FR,France,True,False,2006,79.6,81.0,False,False,False,930000,837000.0,False,False,False,,
FR,FR,France,True,False,2007,79.8,81.5,False,False,False,946497,875144.0,False,False,False,,
FR,FR,France,True,False,2008,79.9,81.4,False,False,False,1109876,1046624.0,False,False,False,,
FR,FR,France,True,False,2009,78.6,82.1,False,False,False,1570593,1464843.0,False,False,False,,
FR,FR,France,True,False,2010,79.0,81.9,False,False,False,1583283,1548451.0,False,False,False,,
FR,FR,France,True,False,2011,80.8,84.8,False,False,False,1515432,1501850.0,False,False,False,,
FR,FR,France,True,False,2012,82.4,87.0,False,False,False,1209477,1229096.0,False,False,False,,
FR,FR,France,True,False,2013,85.3,89.3,True,False,False,1115280,1210605.0,False,False,False,,
FR,FR,France,True,False,2014,85.9,91.3,True,False,False,1084766,1115190.0,False,False,False,,
FR,FR,France,True,False,2015,87.5,94.3,True,False,False,1016326,1057580.0,False,False,False,,
FR,FR,France,True,False,2016,86.9,94.8,True,False,False,1046083,1103927.0,False,False,False,,
FR,FR,France,True,False,2017,87.4,94.6,True,False,False,1138742,1221498.0,False,False,False,,
FR,FR,France,True,False,2018,86.9,94.2,True,False,False,1571776,1718098.0,False,False,False,,
FR,FR,France,True,False,2019,87.1,95.0,True,True,True,1623522,1802746.0,False,False,False,,
FR,FR,France,True,False,2020,87.6,95.7,True,True,True,1331185,1488557.0,False,False,False,,
FR,FR,France,True,False,2021,87.6,95.7,True,True,True,1345831,1517628.0,False,False,False,,
FR,FR,France,True,False,2022,88.3,95.6,True,True,True,1168225,1336455.0,False,False,False,,
FR,FR,France,True,False,2023,89.0,96.7,True,True,True,1029932,1189994.0,False,False,False,,
HR,HR,Croatia,True,False,2012,97.2,99.9,True,True,True,35213,33221.0,False,False,False,,
HR,HR,Croatia,True,False,2013,100.0,100.0,True,True,True,32135,29017.0,True,False,False,,
HR,HR,Croatia,True,False,2014,89.5,96.2,True,True,True,19388,22584.0,False,False,False,,
HR,HR,Croatia,True,False,2015,92.8,99.5,True,True,True,16900,19617.0,False,False,False,,
HR,HR,Croatia,True,False,2016,93.9,99.5,True,True,True,20386,18912.0,False,False,False,,
HR,HR,Croatia,True,False,2017,99.3,99.7,True,True,True,21074,24662.0,False,False,False,,
HR,HR,Croatia,True,False,2018,97.4,97.7,True,True,True,27404,30616.0,False,False,False,,
HR,HR,Croatia,True,False,2019,96.3,96.7,True,True,True,40892,45677.0,False,False,False,,
HR,HR,Croatia,True,False,2020,97.2,97.5,True,True,True,46919,53033.0,False,False,False,,
HR,HR,Croatia,True,False,2021,98.0,98.3,True,True,True,32929,37807.0,False,False,False,,
HR,HR,Croatia,True,False,2022,96.9,97.1,True,True,True,33048,39838.0,False,False,False,,
HR,HR,Croatia,True,False,2023,97.6,97.7,True,True,True,24940,25953.0,False,False,False,,
HU,HU,Hungary,True,False,2006,81.2,81.5,False,False,False,20976,16380.0,False,False,False,,
HU,HU,Hungary,True,False,2007,81.6,82.8,False,False,False,43433,30207.0,False,False,False,,
HU,HU,Hungary,True,False,2008,83.0,84.4,False,False,False,37196,28287.0,False,False,False,,
HU,HU,Hungary,True,False,2009,84.4,86.2,False,False,False,26020,27419.0,False,False,False,,
HU,HU,Hungary,True,False,2010,82.1,86.8,False,False,False,15907,15589.0,False,False,False,,
HU,HU,Hungary,True,False,2011,84.4,86.2,False,False,False,13043,14959.0,False,False,False,,
HU,HU,Hungary,True,False,2012,84.4,86.2,False,False,False,15357,14388.0,False,False,False,,
HU,HU,Hungary,True,False,2013,90.7,91.7,True,False,False,14897,14865.0,False,False,False,,
HU,HU,Hungary,True,False,2014,90.3,95.6,True,True,True,15283,13887.0,True,False,False,,
HU,HU,Hungary,True,False,2015,94.6,95.2,True,True,True,16788,13380.0,False,False,False,,
HU,HU,Hungary,True,False,2016,95.4,95.8,True,True,True,15141,12527.0,False,False,False,,
HU,HU,Hungary,True,False,2017,95.5,96.9,True,True,True,15573,14249.0,False,False,False,,
HU,HU,Hungary,True,False,2018,95.1,95.8,True,True,True,19280,15925.0,False,False,False,,
HU,HU,Hungary,True,False,2019,94.4,95.4,True,True,True,20743,21858.0,False,False,False,,
HU,HU,Hungary,True,False,2020,95.6,97.7,True,True,True,19526,20613.0,False,False,False,,
HU,HU,Hungary,True,False,2021,97.1,97.8,True,True,True,17614,18490.0,False,False,False,,
HU,HU,Hungary,True,False,2022,96.8,97.5,True,True,True,16934,18164.0,False,False,False,,
HU,HU,Hungary,True,False,2023,92.2,92.3,True,False,False,15156,17068.0,False,False,False,,
IE,IE,Ireland,True,False,2006,78.1,78.1,False,False,False,,146613.0,False,False,False,,
IE,IE,Ireland,True,False,2007,81.3,81.3,False,False,False,112243,109032.0,False,False,False,,
IE,IE,Ireland,True,False,2008,75.9,81.8,False,False,False,127612,136624.0,False,False,False,,
IE,IE,Ireland,True,False,2009,78.9,82.3,False,False,False,152455,163070.0,False,False,False,,
IE,IE,Ireland,True,False,2010,77.0,77.4,False,False,False,158237,169155.0,False,False,False,,
IE,IE,Ireland,True,False,2011,80.5,82.7,False,False,False,134960,139279.0,False,False,False,,
IE,IE,Ireland,True,False,2012,81.8,87.8,False,False,False,102073,105339.0,False,False,False,,
IE,IE,Ireland,True,False,2013,80.4,91.6,False,False,False,92467,98015.0,False,False,False,,
IE,IE,Ireland,True,False,2014,82.1,90.7,False,False,False,86950,92208.0,False,False,False,,
IE,IE,Ireland,True,False,2015,83.3,91.8,False,False,False,74910,79405.0,False,False,False,,
IE,IE,Ireland,True,False,2016,86.0,92.8,True,False,False,98213,104105.0,False,False,False,,
IE,IE,Ireland,True,False,2017,85.9,94.6,True,False,False,140788,149235.0,False,False,False,,
IE,IE,Ireland,True,False,2018,86.4,95.2,True,True,True,162521,172273.0,False,False,False,,
IE,IE,Ireland,True,False,2019,87.4,95.2,True,True,True,149445,158412.0,False,False,False,,
IE,IE,Ireland,True,False,2020,90.3,97.1,True,True,True,118867,126000.0,False,False,False,,
IE,IE,Ireland,True,False,2021,87.8,95.7,True,True,True,145628,154365.0,False,False,False,,
IE,IE,Ireland,True,False,2022,88.5,95.5,True,True,True,105494,111824.0,False,False,False,,
IE,IE,Ireland,True,False,2023,89.5,97.2,True,True,True,90413,95880.0,False,False,False,,
IS,IS,Iceland,False,False,2008,98.2,98.3,True,True,True,9386,9177.0,False,False,False,,
IS,IS,Iceland,False,False,2009,83.0,83.0,False,False,False,5109,4560.0,False,False,False,flagged_undiagnosed,Rate exceeds 100% or shows a large year-over-year swing; not independently investigated.
IS,IS,Iceland,False,False,2010,95.2,95.2,True,True,True,4195,4380.0,False,False,False,,
IS,IS,Iceland,False,False,2011,82.0,82.0,False,False,False,4075,4207.0,False,False,False,,
IS,IS,Iceland,False,False,2012,100.0,100.0,True,True,True,5824,5786.0,False,False,True,flagged_undiagnosed,Rate exceeds 100% or shows a large year-over-year swing; not independently investigated.
IS,IS,Iceland,False,False,2013,99.6,99.6,True,True,True,4463,5779.0,False,False,False,,
IS,IS,Iceland,False,False,2014,97.7,97.7,True,True,True,5245,6834.0,False,False,False,,
IS,IS,Iceland,False,False,2015,98.5,98.5,True,True,True,6063,7721.0,False,False,False,,
IS,IS,Iceland,False,False,2016,96.8,96.8,True,True,True,6527,8536.0,False,False,False,,
IS,IS,Iceland,False,False,2017,97.5,97.6,True,True,True,9483,12656.0,False,False,False,,
IS,IS,Iceland,False,False,2018,97.5,97.6,True,True,True,11392,15692.0,False,False,False,,
IS,IS,Iceland,False,False,2019,97.4,97.4,True,True,True,11635,16175.0,False,False,False,,
IS,IS,Iceland,False,False,2020,92.2,92.3,True,False,False,10927,15882.0,False,False,False,,
IS,IS,Iceland,False,False,2021,96.7,96.8,True,True,True,9624,13669.0,False,False,False,,
IS,IS,Iceland,False,False,2022,92.1,92.2,True,False,False,8155,11768.0,False,False,False,,
IS,IS,Iceland,False,False,2023,95.5,95.5,True,True,True,8163,12273.0,False,False,False,,
IT,IT,Italy,True,False,2005,69.9,70.8,False,False,False,1295195,1230435.0,False,False,False,,
IT,IT,Italy,True,False,2006,70.3,72.7,False,False,False,1379000,1310050.0,False,False,False,,
IT,IT,Italy,True,False,2007,82.3,83.1,False,False,False,1692136,1472446.0,False,False,False,,
IT,IT,Italy,True,False,2008,84.3,87.1,False,False,False,1203184,1106929.0,False,False,False,,
IT,IT,Italy,True,False,2009,81.8,84.6,False,False,False,1610137,1379027.0,False,False,False,,
IT,IT,Italy,True,False,2010,83.2,85.4,False,False,False,1246546,1240204.0,False,False,False,,
IT,IT,Italy,True,False,2011,84.8,85.3,False,False,False,952461,986391.0,False,False,False,,
IT,IT,Italy,True,False,2012,80.8,82.3,False,False,False,902611,874887.0,False,False,False,,
IT,IT,Italy,True,False,2013,82.2,82.8,False,False,False,876052,959542.0,False,False,False,,
IT,IT,Italy,True,False,2014,83.4,85.1,False,False,False,853584,953690.0,False,False,False,,
IT,IT,Italy,True,False,2015,84.6,84.7,False,False,False,958245,1036562.0,False,False,False,,
IT,IT,Italy,True,False,2016,82.5,82.6,False,False,False,978960,1086425.0,False,False,False,,
IT,IT,Italy,True,False,2017,83.2,83.2,False,False,False,990876,1096145.0,False,False,False,,
IT,IT,Italy,True,False,2018,82.6,82.6,False,False,False,1030318,1201500.0,False,False,False,,
IT,IT,Italy,True,False,2019,84.2,84.2,False,False,False,1094731,1292768.0,False,False,False,,
IT,IT,Italy,True,False,2020,84.9,84.9,False,False,False,1002401,1223053.0,False,False,False,,
IT,IT,Italy,True,False,2021,84.3,84.3,False,False,False,1172305,1404154.0,False,False,False,,
IT,IT,Italy,True,False,2022,86.0,86.0,True,False,False,797046,1013939.0,False,False,False,,
IT,IT,Italy,True,False,2023,85.8,85.8,True,False,False,737852,971292.0,False,False,False,,
LI,LI,Liechtenstein,False,False,2007,2.2,6.3,False,False,False,82,91.0,False,False,False,,
LI,LI,Liechtenstein,False,False,2008,96.0,100.0,True,True,True,91,101.0,False,True,False,flagged_undiagnosed,Rate exceeds 100% or shows a large year-over-year swing; not independently investigated.
LI,LI,Liechtenstein,False,False,2009,76.0,92.3,False,False,False,72,80.0,False,False,False,flagged_undiagnosed,Rate exceeds 100% or shows a large year-over-year swing; not independently investigated.
LI,LI,Liechtenstein,False,False,2010,76.0,92.3,False,False,False,107,121.0,False,False,False,,
LI,LI,Liechtenstein,False,False,2011,80.0,92.4,False,False,False,94,105.0,False,False,False,,
LI,LI,Liechtenstein,False,False,2012,77.2,92.7,False,False,False,114,123.0,False,False,False,,
LI,LI,Liechtenstein,False,False,2013,78.2,89.0,False,False,False,326,354.0,False,False,False,,
LI,LI,Liechtenstein,False,False,2014,78.7,90.6,False,False,False,188,202.0,False,False,False,,
LI,LI,Liechtenstein,False,False,2015,80.5,90.8,False,False,False,230,261.0,False,False,False,,
LI,LI,Liechtenstein,False,False,2016,75.6,85.6,False,False,False,260,291.0,False,False,False,,
LI,LI,Liechtenstein,False,False,2017,75.1,84.7,False,False,False,326,373.0,False,False,False,,
LI,LI,Liechtenstein,False,False,2018,74.5,85.7,False,False,False,213,251.0,False,False,False,,
LI,LI,Liechtenstein,False,False,2019,75.7,87.1,False,False,False,180,210.0,False,False,False,,
LI,LI,Liechtenstein,False,False,2020,69.7,80.3,False,False,False,195,238.0,False,False,False,,
LI,LI,Liechtenstein,False,False,2021,74.3,85.6,False,False,False,131,167.0,False,False,False,,
LI,LI,Liechtenstein,False,False,2022,85.7,100.0,True,True,True,12,14.0,False,False,False,,
LI,LI,Liechtenstein,False,False,2023,87.2,97.4,True,True,True,31,39.0,False,False,False,,
LT,LT,Lithuania,True,False,2006,88.0,92.0,True,False,False,13877,14057.0,False,False,False,,
LT,LT,Lithuania,True,False,2007,86.4,86.7,True,False,False,15906,17207.0,False,False,False,,
LT,LT,Lithuania,True,False,2008,85.0,85.0,True,False,False,19534,19426.0,False,False,False,,
LT,LT,Lithuania,True,False,2009,86.0,86.0,True,False,False,19656,19014.0,False,False,False,,
LT,LT,Lithuania,True,False,2010,88.1,88.5,True,False,False,23351,22885.0,False,False,False,,
LT,LT,Lithuania,True,False,2011,87.2,87.4,True,False,False,26619,27823.0,False,False,False,,
LT,LT,Lithuania,True,False,2012,89.2,90.1,True,False,False,22885,26187.0,False,False,False,,
LT,LT,Lithuania,True,False,2013,92.1,92.4,True,False,False,26482,31037.0,False,False,False,,
LT,LT,Lithuania,True,False,2014,93.5,94.4,True,False,False,29982,33265.0,False,False,False,,
LT,LT,Lithuania,True,False,2015,94.6,95.0,True,True,True,26546,31037.0,False,False,False,,
LT,LT,Lithuania,True,False,2016,94.9,95.4,True,True,True,21306,27752.0,False,False,False,,
LT,LT,Lithuania,True,False,2017,94.8,95.1,True,True,True,21066,27140.0,False,False,False,,
LT,LT,Lithuania,True,False,2018,92.4,95.4,True,True,True,20629,27579.0,False,False,False,,
LT,LT,Lithuania,True,False,2019,93.5,95.1,True,True,True,22001,30084.0,False,False,False,,
LT,LT,Lithuania,True,False,2020,94.6,95.1,True,True,True,31147,40925.0,False,False,False,,
LT,LT,Lithuania,True,False,2021,94.5,95.7,True,True,True,32778,43382.0,False,False,False,,
LT,LT,Lithuania,True,False,2022,93.9,95.6,True,True,True,31477,41602.0,False,False,False,,
LT,LT,Lithuania,True,False,2023,93.6,95.7,True,True,True,29992,38782.0,False,False,False,,
LU,LU,Luxembourg,True,False,2006,85.1,85.8,True,False,False,4864,4557.0,False,False,False,,
LU,LU,Luxembourg,True,False,2007,83.0,85.2,False,False,False,3536,3025.0,False,False,False,,
LU,LU,Luxembourg,True,False,2008,84.0,85.0,False,False,False,2865,2537.0,False,False,False,,
LU,LU,Luxembourg,True,False,2009,81.0,85.0,False,False,False,6908,6517.0,False,False,False,,
LU,LU,Luxembourg,True,False,2010,85.0,88.0,True,False,False,6303,6115.0,False,False,False,,
LU,LU,Luxembourg,True,False,2011,82.9,90.9,False,False,False,2341,2154.0,False,False,False,,
LU,LU,Luxembourg,True,False,2012,85.0,95.0,True,True,True,2834,2750.0,False,False,False,,
LU,LU,Luxembourg,True,False,2013,84.0,95.0,False,True,False,2290,2501.0,False,False,False,,
LU,LU,Luxembourg,True,False,2014,87.0,95.0,True,True,True,2225,2258.0,False,False,False,,
LU,LU,Luxembourg,True,False,2015,87.0,97.0,True,True,True,1617,1746.0,False,False,False,,
LU,LU,Luxembourg,True,False,2016,86.0,96.0,True,True,True,1854,2063.0,False,False,False,,
LU,LU,Luxembourg,True,False,2017,94.3,96.2,True,True,True,1972,2048.0,False,False,False,,
LU,LU,Luxembourg,True,False,2018,94.1,95.9,True,True,True,3103,3413.0,False,False,False,,
LU,LU,Luxembourg,True,False,2019,96.7,97.8,True,True,True,2827,3471.0,False,False,False,,
LU,LU,Luxembourg,True,False,2020,97.2,98.0,True,True,True,2416,2999.0,False,False,False,,
LU,LU,Luxembourg,True,False,2021,97.1,98.0,True,True,True,2497,3137.0,False,False,False,,
LU,LU,Luxembourg,True,False,2022,96.9,97.9,True,True,True,1533,1925.0,False,False,False,,
LU,LU,Luxembourg,True,False,2023,95.7,98.1,True,True,True,1209,1657.0,False,False,False,,
LV,LV,Latvia,True,False,2006,86.0,86.0,True,False,False,6288,5659.0,False,False,False,,
LV,LV,Latvia,True,False,2007,88.0,91.0,True,False,False,11882,10979.0,False,False,False,,
LV,LV,Latvia,True,False,2008,87.0,89.0,True,False,False,10968,10578.0,False,False,False,,
LV,LV,Latvia,True,False,2009,85.0,86.0,True,False,False,10590,8946.0,False,False,False,,
LV,LV,Latvia,True,False,2010,85.7,86.1,True,False,False,10640,9650.0,False,False,False,,
LV,LV,Latvia,True,False,2011,85.4,86.0,True,False,False,9387,10115.0,False,False,False,,
LV,LV,Latvia,True,False,2012,97.6,97.9,True,True,True,10228,10435.0,False,False,False,,
LV,LV,Latvia,True,False,2013,92.4,92.6,True,False,False,9003,9037.0,False,False,False,,
LV,LV,Latvia,True,False,2014,92.2,92.4,True,False,False,9268,8983.0,False,False,False,,
LV,LV,Latvia,True,False,2015,86.6,87.0,True,False,False,8924,8989.0,False,False,False,,
LV,LV,Latvia,True,False,2016,94.3,94.5,True,False,False,8049,8253.0,False,False,False,,
LV,LV,Latvia,True,False,2017,84.0,84.1,False,False,False,11439,11681.0,False,False,False,,
LV,LV,Latvia,True,False,2018,96.0,96.0,True,True,True,11435,11061.0,False,False,False,,
LV,LV,Latvia,True,False,2019,88.9,89.1,True,False,False,11592,10999.0,False,False,False,,
LV,LV,Latvia,True,False,2020,84.6,84.6,False,False,False,11885,12694.0,False,False,False,,
LV,LV,Latvia,True,False,2021,85.7,85.8,True,False,False,10247,11206.0,False,False,False,,
LV,LV,Latvia,True,False,2022,91.2,91.2,True,False,False,11628,13123.0,False,False,False,,
LV,LV,Latvia,True,False,2023,96.6,96.7,True,True,True,14309,13202.0,False,False,False,,
MT,MT,Malta,True,False,2010,64.2,64.2,False,False,False,330,288.0,False,False,False,,
MT,MT,Malta,True,False,2011,87.0,87.1,True,False,False,2526,2225.0,False,False,False,flagged_undiagnosed,Rate exceeds 100% or shows a large year-over-year swing; not independently investigated.
MT,MT,Malta,True,False,2012,95.8,96.0,True,True,True,2530,2177.0,False,False,True,,
MT,MT,Malta,True,False,2013,91.9,91.9,True,False,False,1198,1050.0,False,False,False,,
MT,MT,Malta,True,False,2014,45.0,45.0,False,False,False,2646,2835.0,False,False,False,flagged_undiagnosed,Rate exceeds 100% or shows a large year-over-year swing; not independently investigated.
MT,MT,Malta,True,False,2015,77.7,77.7,False,False,False,4509,4803.0,False,False,False,flagged_undiagnosed,Rate exceeds 100% or shows a large year-over-year swing; not independently investigated.
MT,MT,Malta,True,False,2016,54.4,54.4,False,False,False,5632,6322.0,False,False,False,flagged_undiagnosed,Rate exceeds 100% or shows a large year-over-year swing; not independently investigated.
MT,MT,Malta,True,False,2017,56.1,56.1,False,False,False,7570,8182.0,False,False,False,,
MT,MT,Malta,True,False,2018,81.0,81.0,False,False,False,7599,7425.0,False,False,False,flagged_undiagnosed,Rate exceeds 100% or shows a large year-over-year swing; not independently investigated.
MT,MT,Malta,True,False,2019,79.2,79.2,False,False,False,6616,7096.0,False,False,False,,
MT,MT,Malta,True,False,2020,90.1,90.1,True,False,False,8108,8350.0,False,False,False,,
MT,MT,Malta,True,False,2021,80.8,80.8,False,False,False,9131,11324.0,False,False,False,,
MT,MT,Malta,True,False,2022,84.1,84.1,False,False,False,6330,8332.0,False,False,False,,
MT,MT,Malta,True,False,2023,62.8,62.8,False,False,False,5350,10238.0,False,False,False,documented,"Reuse+recycling rate dropped from 84.1% (2022) to 62.8% (2023). Cause: material was stockpiled pending export while awaiting more favorable export pricing, rather than a genuine collapse in processing capacity."
NL,NL,Netherlands,True,False,2006,82.5,85.2,False,False,False,192224,179883.0,False,False,False,,
NL,NL,Netherlands,True,False,2007,83.1,85.3,False,False,False,166004,156758.0,False,False,False,,
NL,NL,Netherlands,True,False,2008,84.4,85.6,False,False,False,152175,146316.0,False,False,False,,
NL,NL,Netherlands,True,False,2009,84.1,85.2,False,False,False,191980,187296.0,False,False,False,,
NL,NL,Netherlands,True,False,2010,83.3,95.3,False,True,False,232448,232239.0,False,False,False,,
NL,NL,Netherlands,True,False,2011,83.1,96.2,False,True,False,195052,198173.0,False,False,False,,
NL,NL,Netherlands,True,False,2012,83.7,96.1,False,True,False,187143,191260.0,False,False,False,,
NL,NL,Netherlands,True,False,2013,86.0,95.9,True,True,True,183451,189138.0,False,False,False,,
NL,NL,Netherlands,True,False,2014,86.1,96.0,True,True,True,188487,196215.0,False,False,False,,
NL,NL,Netherlands,True,False,2015,87.7,97.0,True,True,True,167777,174152.0,False,False,False,,
NL,NL,Netherlands,True,False,2016,88.9,98.7,True,True,True,197488,204400.0,False,False,False,,
NL,NL,Netherlands,True,False,2017,87.1,98.7,True,True,True,199506,206489.0,False,False,False,,
NL,NL,Netherlands,True,False,2018,87.1,98.4,True,True,True,214013,223216.0,False,False,False,,
NL,NL,Netherlands,True,False,2019,87.2,98.5,True,True,True,177404,186629.0,False,False,False,,
NL,NL,Netherlands,True,False,2020,88.0,98.3,True,True,True,194982,208631.0,False,False,False,,
NL,NL,Netherlands,True,False,2021,87.3,98.7,True,True,True,197046,210248.0,False,False,False,,
NL,NL,Netherlands,True,False,2022,87.2,98.7,True,True,True,141201,151367.0,False,False,False,,
NL,NL,Netherlands,True,False,2023,88.1,98.7,True,True,True,131896,142843.0,False,False,False,,
NO,NO,Norway,False,False,2006,83.0,84.0,False,False,False,105324,105805.0,False,False,False,,
NO,NO,Norway,False,False,2007,81.4,83.1,False,False,False,95128,95563.0,False,False,False,,
NO,NO,Norway,False,False,2008,82.2,82.7,False,False,False,130018,134179.0,False,False,False,,
NO,NO,Norway,False,False,2009,83.0,86.0,False,False,False,95000,98040.0,False,False,False,,
NO,NO,Norway,False,False,2010,83.9,94.7,False,False,False,112537,116138.0,False,False,False,,
NO,NO,Norway,False,False,2011,73.6,93.3,False,False,False,124563,130066.0,False,False,False,,
NO,NO,Norway,False,False,2012,75.5,93.8,False,False,False,119905,141115.0,False,False,False,,
NO,NO,Norway,False,False,2013,75.4,94.7,False,False,False,141452,163518.0,False,False,False,,
NO,NO,Norway,False,False,2014,82.9,97.5,False,True,False,139920,158389.0,False,False,False,,
NO,NO,Norway,False,False,2015,85.2,96.7,True,True,True,145098,177542.0,False,False,False,,
NO,NO,Norway,False,False,2016,85.2,97.7,True,True,True,142280,176216.0,False,False,False,,
NO,NO,Norway,False,False,2017,86.2,97.2,True,True,True,143664,180884.0,False,False,False,,
NO,NO,Norway,False,False,2018,87.7,97.4,True,True,True,143767,188109.0,False,False,False,,
NO,NO,Norway,False,False,2019,85.2,96.6,True,True,True,144933,190774.0,False,False,False,,
NO,NO,Norway,False,False,2020,87.3,97.2,True,True,True,138203,184583.0,False,False,False,,
NO,NO,Norway,False,False,2021,86.9,96.9,True,True,True,129222,174275.0,False,False,False,,
NO,NO,Norway,False,False,2022,88.2,97.7,True,True,True,117067,163816.0,False,False,False,,
NO,NO,Norway,False,False,2023,88.2,98.2,True,True,True,105444,148761.0,False,False,False,,
PL,PL,Poland,True,False,2006,84.7,85.8,False,False,False,150987,124173.0,False,False,False,,
PL,PL,Poland,True,False,2007,72.8,77.0,False,False,False,171258,150063.0,False,False,False,,
PL,PL,Poland,True,False,2008,79.5,80.1,False,False,False,189871,170100.0,False,False,False,,
PL,PL,Poland,True,False,2009,87.1,88.0,True,False,False,210218,192281.0,False,False,False,,
PL,PL,Poland,True,False,2010,88.8,89.8,True,False,False,259576,217636.0,False,False,False,,
PL,PL,Poland,True,False,2011,89.5,91.5,True,False,False,295152,284307.0,False,False,False,,
PL,PL,Poland,True,False,2012,90.4,92.8,True,False,False,344809,340212.0,False,False,False,,
PL,PL,Poland,True,False,2013,88.6,90.3,True,False,False,402416,401639.0,False,False,False,,
PL,PL,Poland,True,False,2014,85.5,88.0,True,False,False,454737,462202.0,False,False,False,,
PL,PL,Poland,True,False,2015,94.7,97.0,True,True,True,478202,493468.0,False,False,False,,
PL,PL,Poland,True,False,2016,94.3,96.3,True,True,True,380529,395216.0,False,False,False,,
PL,PL,Poland,True,False,2017,95.7,98.6,True,True,True,495805,522299.0,False,False,False,,
PL,PL,Poland,True,False,2018,93.4,95.3,True,True,True,514210,551221.0,False,False,False,,
PL,PL,Poland,True,False,2019,118.8,122.2,True,True,True,450066,555826.0,False,False,False,documented,Reuse+recycling (118.8%) and reuse+recovery (122.2%) rates exceeded 100%. Cause: backlog clearing -- processing of previously stockpiled end-of-life vehicles pushed the year's processed tonnage above the year's newly generated tonnage.
PL,PL,Poland,True,False,2020,106.8,109.0,True,True,True,386826,440183.0,False,False,False,documented,"Reuse+recycling (106.8%) and reuse+recovery (109.0%) rates exceeded 100% again, a smaller continuation of 2019's backlog-clearing pattern."
PL,PL,Poland,True,False,2021,94.6,97.2,True,True,True,445671,517179.0,False,False,False,,
PL,PL,Poland,True,False,2022,95.3,97.7,True,True,True,394193,463347.0,False,False,False,,
PL,PL,Poland,True,False,2023,95.8,97.8,True,True,True,375569,444753.0,False,False,False,,
PT,PT,Portugal,True,False,2006,82.2,86.1,False,False,False,25641,21692.0,False,False,False,,
PT,PT,Portugal,True,False,2007,81.7,85.7,False,False,False,90509,78860.0,False,False,False,,
PT,PT,Portugal,True,False,2008,80.8,87.2,False,False,False,107746,95691.0,False,False,False,,
PT,PT,Portugal,True,False,2009,84.3,86.9,False,False,False,107946,95703.0,False,False,False,,
PT,PT,Portugal,True,False,2010,82.8,86.8,False,False,False,107419,96242.0,False,False,False,,
PT,PT,Portugal,True,False,2011,82.9,87.9,False,False,False,77929,71664.0,False,False,False,,
PT,PT,Portugal,True,False,2012,82.7,87.6,False,False,False,92008,87020.0,False,False,False,,
PT,PT,Portugal,True,False,2013,82.9,90.5,False,False,False,92112,85960.0,False,False,False,,
PT,PT,Portugal,True,False,2014,83.8,92.7,False,False,False,86713,81193.0,False,False,False,,
PT,PT,Portugal,True,False,2015,84.0,92.7,False,False,False,84158,80494.0,False,False,False,,
PT,PT,Portugal,True,False,2016,83.5,92.1,False,False,False,88559,84473.0,False,False,False,,
PT,PT,Portugal,True,False,2017,85.2,93.8,True,False,False,99910,96794.0,False,False,False,,
PT,PT,Portugal,True,False,2018,86.1,94.9,True,False,False,107140,104274.0,False,False,False,,
PT,PT,Portugal,True,False,2019,88.2,96.7,True,True,True,111112,112347.0,False,False,False,,
PT,PT,Portugal,True,False,2020,87.3,98.9,True,True,True,101378,98945.0,False,False,False,,
PT,PT,Portugal,True,False,2021,87.9,95.7,True,True,True,117997,116227.0,False,False,False,,
PT,PT,Portugal,True,False,2022,89.1,92.2,True,False,False,109538,108662.0,False,False,False,,
PT,PT,Portugal,True,False,2023,89.8,94.9,True,False,False,101315,101011.0,False,False,False,,
RO,RO,Romania,True,False,2006,77.1,80.3,False,False,False,21234,17624.0,False,False,False,,
RO,RO,Romania,True,False,2007,83.7,85.7,False,False,False,36363,32007.0,False,False,False,,
RO,RO,Romania,True,False,2008,83.7,86.5,False,False,False,51577,44031.0,False,False,False,,
RO,RO,Romania,True,False,2009,80.1,85.3,False,False,False,55875,48424.0,False,False,False,,
RO,RO,Romania,True,False,2010,80.9,85.5,False,False,False,190790,162276.0,False,False,False,,
RO,RO,Romania,True,False,2011,82.9,86.8,False,False,False,128839,110035.0,False,False,False,,
RO,RO,Romania,True,False,2012,84.0,86.0,False,False,False,57950,50732.0,False,False,False,,
RO,RO,Romania,True,False,2013,83.8,87.4,False,False,False,37989,34566.0,False,False,False,,
RO,RO,Romania,True,False,2014,84.1,88.5,False,False,False,42138,38137.0,False,False,False,,
RO,RO,Romania,True,False,2015,85.1,90.8,True,False,False,41886,38851.0,False,False,False,,
RO,RO,Romania,True,False,2016,85.1,92.1,True,False,False,46572,44637.0,False,False,False,,
RO,RO,Romania,True,False,2017,85.0,92.6,True,False,False,49830,48428.0,False,False,False,,
RO,RO,Romania,True,False,2018,85.2,92.2,True,False,False,67344,66319.0,False,False,False,,
RO,RO,Romania,True,False,2019,85.0,92.4,True,False,False,84621,86126.0,False,False,False,,
RO,RO,Romania,True,False,2020,85.4,91.6,True,False,False,79360,83782.0,False,False,False,,
SE,SE,Sweden,True,False,2006,83.4,85.0,False,False,False,283450,335605.0,False,False,False,,
SE,SE,Sweden,True,False,2007,83.0,90.0,False,False,False,228646,266144.0,False,False,False,,
SE,SE,Sweden,True,False,2008,83.0,91.0,False,False,False,150197,178524.0,False,False,False,,
SE,SE,Sweden,True,False,2009,86.0,90.0,True,False,False,133589,162391.0,False,False,False,,
SE,SE,Sweden,True,False,2010,84.4,91.1,False,False,False,170658,207554.0,False,False,False,,
SE,SE,Sweden,True,False,2011,84.4,90.8,False,False,False,184105,226504.0,False,False,False,,
SE,SE,Sweden,True,False,2012,85.0,90.6,True,False,False,185616,231218.0,False,False,False,,
SE,SE,Sweden,True,False,2013,84.6,91.3,False,False,False,189748,240626.0,False,False,False,,
SE,SE,Sweden,True,False,2014,84.4,91.3,False,False,False,186967,237605.0,False,False,False,,
SE,SE,Sweden,True,False,2015,84.6,96.8,False,True,False,188810,242411.0,False,False,False,,
SE,SE,Sweden,True,False,2016,86.7,94.6,True,False,False,186875,240697.0,False,False,False,,
SE,SE,Sweden,True,False,2017,88.2,97.2,True,True,True,192395,249361.0,False,False,False,,
SE,SE,Sweden,True,False,2018,86.8,95.3,True,True,True,204458,266668.0,False,False,False,,
SE,SE,Sweden,True,False,2019,87.4,96.8,True,True,True,186370,245441.0,False,False,False,,
SE,SE,Sweden,True,False,2020,87.7,96.7,True,True,True,175748,232545.0,False,False,False,,
SE,SE,Sweden,True,False,2021,87.9,96.8,True,True,True,171576,227439.0,False,False,False,,
SE,SE,Sweden,True,False,2022,87.0,97.6,True,True,True,157981,210314.0,False,False,False,,
SE,SE,Sweden,True,False,2023,87.1,97.6,True,True,True,134177,181092.0,False,False,False,,
SI,SI,Slovenia,True,False,2006,76.8,79.6,False,False,False,9418,7810.0,False,False,False,,
SI,SI,Slovenia,True,False,2007,87.2,88.7,True,False,False,8409,6041.0,False,False,False,,
SI,SI,Slovenia,True,False,2008,87.6,89.7,True,False,False,6780,4790.0,False,False,False,,
SI,SI,Slovenia,True,False,2009,84.1,87.3,False,False,False,7043,5428.0,False,False,False,,
SI,SI,Slovenia,True,False,2010,88.6,90.6,True,False,False,6807,5305.0,False,False,False,,
SI,SI,Slovenia,True,False,2011,86.1,90.3,True,False,False,6598,5703.0,False,False,False,,
SI,SI,Slovenia,True,False,2012,100.0,103.0,True,True,True,5447,4528.0,False,False,False,flagged_undiagnosed,Rate exceeds 100% or shows a large year-over-year swing; not independently investigated.
SI,SI,Slovenia,True,False,2014,85.9,91.3,True,False,False,6260,5960.0,False,False,False,,
SI,SI,Slovenia,True,False,2015,90.2,95.6,True,True,True,5980,5679.0,False,False,False,,
SI,SI,Slovenia,True,False,2016,91.6,96.5,True,True,True,7093,7276.0,False,False,False,,
SI,SI,Slovenia,True,False,2017,102.9,109.9,True,True,True,8590,8414.0,False,False,False,flagged_undiagnosed,Rate exceeds 100% or shows a large year-over-year swing; not independently investigated.
SI,SI,Slovenia,True,False,2018,97.6,103.7,True,True,True,12141,11937.0,False,False,False,flagged_undiagnosed,Rate exceeds 100% or shows a large year-over-year swing; not independently investigated.
SI,SI,Slovenia,True,False,2019,89.5,95.4,True,True,True,15182,14657.0,False,False,False,,
SI,SI,Slovenia,True,False,2020,110.1,117.2,True,True,True,15493,15349.0,False,False,False,flagged_undiagnosed,Rate exceeds 100% or shows a large year-over-year swing; not independently investigated.
SI,SI,Slovenia,True,False,2021,90.8,96.9,True,True,True,11574,13196.0,False,False,False,flagged_undiagnosed,Rate exceeds 100% or shows a large year-over-year swing; not independently investigated.
SI,SI,Slovenia,True,False,2022,86.7,93.1,True,False,False,8225,8739.0,False,False,False,,
SI,SI,Slovenia,True,False,2023,88.5,94.3,True,False,False,7960,8658.0,False,False,False,,
SK,SK,Slovakia,True,False,2006,82.8,83.6,False,False,False,15069,11907.0,False,False,False,,
SK,SK,Slovakia,True,False,2007,88.0,88.6,True,False,False,28487,23414.0,False,False,False,,
SK,SK,Slovakia,True,False,2008,88.4,88.8,True,False,False,39769,29885.0,False,False,False,,
SK,SK,Slovakia,True,False,2009,88.8,89.6,True,False,False,67795,54051.0,False,False,False,,
SK,SK,Slovakia,True,False,2010,88.4,90.2,True,False,False,35174,27396.0,False,False,False,,
SK,SK,Slovakia,True,False,2011,93.1,94.6,True,False,False,39171,30341.0,False,False,False,,
SK,SK,Slovakia,True,False,2012,89.9,91.2,True,False,False,33469,26373.0,False,False,False,,
SK,SK,Slovakia,True,False,2013,92.5,93.7,True,False,False,36858,29678.0,False,False,False,,
SK,SK,Slovakia,True,False,2014,94.8,96.0,True,True,True,29175,24710.0,False,False,False,,
SK,SK,Slovakia,True,False,2015,88.4,89.4,True,False,False,26176,23199.0,False,False,False,,
SK,SK,Slovakia,True,False,2016,96.1,97.4,True,True,True,36931,34822.0,False,False,False,,
SK,SK,Slovakia,True,False,2017,95.7,97.5,True,True,True,35328,33183.0,False,False,False,,
SK,SK,Slovakia,True,False,2018,95.1,96.8,True,True,True,39343,38036.0,False,False,False,,
SK,SK,Slovakia,True,False,2019,95.5,97.1,True,True,True,52722,52542.0,False,False,False,,
SK,SK,Slovakia,True,False,2020,95.6,97.1,True,True,True,53355,54853.0,False,False,False,,
SK,SK,Slovakia,True,False,2021,95.6,97.1,True,True,True,40762,42837.0,False,False,False,,
SK,SK,Slovakia,True,False,2022,95.9,97.1,True,True,True,34472,36837.0,False,False,False,,
SK,SK,Slovakia,True,False,2023,95.9,97.3,True,True,True,33597,35636.0,False,False,False,,
